title,press,date,link,keywords,summary,chunk_count,chunk_total,text
'르네상스 저주' 풀었는데 9월 위기 몰린 센터필드…속내는 운용사 교체?,뉴스1,2026-01-20 14:09:58,https://n.news.naver.com/mnews/article/421/0008724048,"운용사, 국민연금의, 센터필드, 만기, 매각, 글로벌, 대출, 교체","서울 강남구 역삼동 센터필드는 10년간 개발을 끝내고 글로벌 빅테크 기업이 입주해 '공실률 제로'를 자랑하지만, 펀드 만기를 앞두고 운용사 교체 요구에 직면하고 있다. 이지스자산운용은 센터필드를 개발한 후 2021년 준공과 동시에 글로벌 우량 임차인을 대거 유치했지만, 펀드 만기 앞두고 이상기류가 감지됐다.

신세계프라퍼티는 이지스자산운용의 매각 추진을 '독단적 결정'이라고 문제 삼으며, 매각 중단과 운용사 교체를 요구하고 있다. 시장에서는 '성과보수 삭감'과 국민연금이라는 '보이지 않는 손'이 작동하고 있다고 보고 있다.

국민연금은 '만기 연장 불가'와 '매각 반대'라는 양립 불가능한 입장을 고수하고 있다. 이에 시장에서는 국민연금이 신세계를 앞세워 이지스를 압박하고, 그 과정에서 자연스럽게 운용사 교체 명분을 쌓으려는 것으로 보고 있다.

9월 대출 만기 '시한폭탄'...""고래 싸움에 자산 터진다",4,4,"이지스운용, 밸류업 성공하고도 퇴출 위기…""성과보수 아끼기 꼼수?""
신세계 반발 속 국민연금 '침묵'…""스튜어드십 논란""
서울 강남구 역삼동 센터필드
(서울=뉴스1) 신건웅 기자 = 서울 강남 테헤란로의 한복판, 압도적 크기의 빌딩 2동이 눈에 띈다. 과거 10년 가까이 '도심의 흉물'로 방치됐던 옛 르네상스 호텔 부지를 개발한 오피스 빌딩 '센터필드'다.
아마존, 메타(페이스북), 크래프톤 등 글로벌 빅테크 기업이 입주해 있고, 최고급 호텔인 조선 팰리스까지 위치해 '공실률 제로(0)'를 자랑한다. 3조 원대 '트로피 에셋(Trophy Asset)'으로, 부동산 개발의 대표적인 성공사례중 하나다.
그러나 아이러니하게도 이 개발을 주도한 운용사(GP)는 펀드 만기를 앞두고 '토사구팽 위기'에 처했다는 평이 나온다. 투자자(LP)들이 성과 보상 대신 '운용사 교체'와 '자산 이관'을 요구하고 있기 때문이다.
시장에서는 '성과보수 삭감'과 국민연금이라는 '보이지 않는 손'이 작동하고 있다고 보고 있다.
'르네상스의 저주' 푼 이지스의 밸류업…투자자는 ""운용사 바꿔라?""
센터필드 개발은 약 10년 전부터 시작됐다. 해당 부지는 2015년 삼부토건의 법정관리 이후 시장에 나왔지만, 복잡한 권리관계와 까다로운 인허가 문제로 인해 내로라하는 디벨로퍼들이 모두 손을 털고 나가는 상황이었다. 업계에서는 '르네상스의 저주'라는 말이 돌 정도였다.
꼬인 실타래를 푼 곳이 이지스자산운용이다. 2018년 과감하게 부지를 인수한 이지스는 난해한 개발 과정을 주도적으로 풀어냈고, 2021년 준공과 동시에 글로벌 우량 임차인을 대거

스의 저주'라는 말이 돌 정도였다.
꼬인 실타래를 푼 곳이 이지스자산운용이다. 2018년 과감하게 부지를 인수한 이지스는 난해한 개발 과정을 주도적으로 풀어냈고, 2021년 준공과 동시에 글로벌 우량 임차인을 대거 유치하며 강남권역(GBD) 최고 임대료를 달성했다.
그런데 펀드 만기를 앞두고 이상기류가 감지됐다. 전략적 투자자(SI)인 신세계프라퍼티가 돌연 이지스자산운용의 매각 추진을 ""독단적 결정""이라고 문제 삼으며, 매각 중단과 운용사 교체를 요구하고 나선 것이다.
IB 업계 관계자는 ""통상적으로 난이도 높은 개발 사업을 성공시킨 운용사에게는 높은 성과보수와 재계약 기회를 주는 것이 관례""라며 ""압도적인 퍼포먼스를 보여준 GP를 상대로, SI가 전례 없는 강경 태도로 '방을 빼라'고 요구하는 것은 자산의 가치 때문이 아니라 다른 '셈법'이 숨어 있다는 방증""이라고 말했다.
서울 역삼동 센터필드
""성과보수 깎으려는 꼼수?""… '스튜어드십'의 자기부정
무리한 운용사 교체 추진에 대해 시장에서는 '성과보수(Carried Interest) 삭감'을 노린 경제적 셈법으로 해석했다.
통상적으로 자산을 제3자에게 매각하면 '실제 매각가(Sale Price)'를 기준으로 성과보수를 지급해야 한다. 센터필드처럼 가치가 급상승한 자산은 운용사에게 지급할 보수 규모도 커질 수밖에 없다.
반면 운용사를 교체하거나 자산을 이관할 경우에는 통상 '감정평가액(Appraisal Value)'을 기준으로 정산하게 된다. 감정가는 실제 시장 거래가보다 보수적으로 책정되는 경우가 많다.
LP 입장에서는 운용사를 내보내고 감정가로 정산하는

산을 이관할 경우에는 통상 '감정평가액(Appraisal Value)'을 기준으로 정산하게 된다. 감정가는 실제 시장 거래가보다 보수적으로 책정되는 경우가 많다.
LP 입장에서는 운용사를 내보내고 감정가로 정산하는 것이 막대한 성과보수를 아끼는 '남는 장사'가 되는 셈이다.
문제는 도덕성이다. 업계 관계자는 ""만약 실제로 보수를 아끼기 위해 10년간 자산을 키운 운용사를 내친다면, 이는 명백한 시장기만이자 모럴 해저드""라고 지적했다.
국민연금의 침묵과 동조…""만기 연장 불가, 매각 반대?""
주요 LP인 국민연금의 입장은 주요 변수다. 현재 국민연금은 '만기 연장 불가'와 '매각 반대'라는 양립 불가능한 입장을 고수하고 있다. 사실상 자산을 고립무원 상태로 몰아넣는 셈이다.
시장에서는 국민연금이 신세계를 앞세워 이지스를 압박하고, 그 과정에서 자연스럽게 운용사 교체 명분을 쌓으려는 것으로 보고 있다. 그 기저에는 지배구조 변경(힐하우스) 과정 등에서 쌓인 특정 실무 라인의 '감정적 골'과, 성과보수 절감이라는 '경제적 실리'가 복합적으로 작용하고 있다는 분석이다.
이는 ESG와 공정 투자를 표방하는 국민연금의 스튜어드십 코드(수탁자 책임 원칙)에도 정면으로 위배된다. 정당한 성과에 대한 보상을 '힘의 논리'로 박탈하는 것은 자본시장의 생태계를 파괴하는 행위이기 때문이다.
서울 역삼동 센터필드 /뉴스1 ⓒ News1 박세연 기자
9월 대출 만기 '시한폭탄'...""고래 싸움에 자산 터진다""
문제는 이러한 '복합 갈등' 속에 우량 자산이 볼모로 잡혔다는 점이다. 센터필드를 담보로 한 1조 2000억 원 규모의 대출

ⓒ News1 박세연 기자
9월 대출 만기 '시한폭탄'...""고래 싸움에 자산 터진다""
문제는 이러한 '복합 갈등' 속에 우량 자산이 볼모로 잡혔다는 점이다. 센터필드를 담보로 한 1조 2000억 원 규모의 대출 만기는 오는 9월로, 펀드 만기(10월)보다 한 달 앞서 도래한다.
신세계를 앞세운 국민연금의 '비토(Veto)'로 리파이낸싱과 매각이 모두 막힌 상황에서, 이대로 9월을 맞으면 대출 상환 실패로 인한 기한이익상실(EOD) 발생이 불가피하다.
한 부동산 금융 전문가는 ""겉으로는 신세계와 이지스의 싸움 같지만, 키(Key)는 결국 국민연금이 쥐고 있다""며 ""공적 연기금이 수수료 몇 푼을 아끼거나 감정적 이유로 1등 자산을 부도 위기로 내모는 것은 국민에 대한 배임""이라고 꼬집었다.
시장은 국민연금의 '설명 책임(Accountability)'을 요구하고 있다. 국민연금이 나서서 입장을 명확히 밝혀야 한다는 주장이다.
한 외국계 사모펀드 관계자는 ""글로벌 시장에서는 정당한 성과 보상을 회피하기 위한 운용사 교체를 심각한 '약탈적 행위'로 간주한다""며 ""국민연금이 대외 신뢰도를 지키기 위해서라도 현재의 교착 상태를 풀 합리적인 가이드라인을 제시해야 한다""고 지적했다."
"숨고르기 끝낸 코스피, 4900선 회복…13거래일 연속 상승세[코주부]",서울경제,2026-01-20 13:59:09,https://n.news.naver.com/mnews/article/011/0004580847,"상승, 4900선, 코스닥, 사상, 시가총액","코스피 지수가 4900선 회복하여 4211.75를 기록해 13거래일 연속 상승세를 이어간다. 이날 오후 1시 49분 기준 코스피는 전 거래일 대비 17.09포인트 오른 것을 나타내어 사상 최고치를 갈아치우며 상승 랠리를 이어간다. 개인이 5519억 원을 순매수했지만 외국인과 기관은 각각 2605억 원과 4168억 원을 순매도했다.

반도체 대형주는 여전히 약세를 보이고 있다. 삼성전자는 1.21% 내린 14만 7500원에 거래되고 있고, SK하이닉스는 1.05% 하락한 75만 6000원을 기록하고 있다.

코스닥 시장은 기관 매수세에 힘입어 강한 오름세를 보이고 있다. 코스닥 지수는 전 거래일 대비 15.28포인트 오른 983.64을 기록해 52주 최고치를 경신했다.",2,2,"20일 서울 중구 하나은행 본점에서 직원이 증시 및 환율 전광판 앞을 지나고 있다. 연합뉴스
[서울경제]
4900선 아래로 밀렸던 코스피 지수가 오후 들어 반등하며 상승 흐름을 되찾았다. 최근 지수는 연일 사상 최고치를 갈아치우며 상승 랠리를 이어왔다.
20일 한국거래소에 따르면 이날 오후 1시 49분 기준 코스피 지수는 전 거래일 대비 17.09포인트 오른 4211.75를 나타냈다. 코스피는 오전 차익 실현 매물이 출회되며 4900선 밑으로 내려앉았으나 오후 들어 매수세가 유입되며 상승 전환했다.
지수는 5000선 돌파를 앞두고 등락을 거듭하는 모습이다. 장중 한때 4923.53까지 오르며 사상 최고치를 다시 쓰기도 했다. 이날 상승 흐름이 이어질 경우 코스피는 사상 최장인 13거래일 연속 최고가 기록을 이어가게 된다.
투자자별로는 개인이 5519억 원을 순매수한 반면 외국인과 기관은 각각 2605억 원과 4168억 원을 순매도했다.
반도체 대형주는 여전히 약세를 보이고 있다. 삼성전자는 전 거래일 대비 1.21% 내린 14만 7500원에 거래되고 있고, SK하이닉스는 1.05% 하락한 75만 6000원을 기록하고 있다.
이 밖에 시가총액 상위 종목 가운데 삼성바이오로직스(-0.10%) 삼성전자우(-2.57%) HD현대중공업(-1.39%) 한화에어로스페이스(-1.73%) 기아(1.95%) 등이 하락하고 있다. 반면 현대차(_0.63%) LG에너지솔루션(+1.38%) 두산에너빌리티(+1.15%)는 상승 흐름을 나타내고 있다.
코스닥 시장은 기관 매수세에 힘입어 강한 오름세를 보이고 있다. 같은 시각 코스닥

하락하고 있다. 반면 현대차(_0.63%) LG에너지솔루션(+1.38%) 두산에너빌리티(+1.15%)는 상승 흐름을 나타내고 있다.
코스닥 시장은 기관 매수세에 힘입어 강한 오름세를 보이고 있다. 같은 시각 코스닥 지수는 전 거래일 대비 15.28포인트 오른 983.64을 기록했다. 장중 한때 985.79까지 오르며 52주 최고치를 경신했다.
수급을 보면 기관이 2379억 원을 순매수하며 지수 상승을 이끌었고 개인과 외국인은 각각 1705억 원과 442억 원을 순매도했다.
코스닥 시가총액 상위 종목 전반이 강세를 보였다. 코스닥 시총 상위 종목 전반이 상승세다. 알테오젠은 전 거래일 대비 1.61% 오른 50만4000원에, 에코프로비엠은 3.50% 오른 15만9600원에 거래 중이다.
이밖에 에코프로(3.68%), 에이비엘바이오(5.49%), 레인보우로보틱스(2.52%), HLB(1.36%), 삼천당제약(0.54%), 코오롱티슈진(1.46%), 리가켐바이오(0.54%), 펩트론(1.65%) 등이 상승 흐름에 동참했다."
"코스피, 상승 전환해 13일 연속 랠리중...코스닥 1.52% 급등",이데일리,2026-01-20 13:37:08,https://n.news.naver.com/mnews/article/018/0006203820,"13일 연속, 코스닥, 사상, 연속, 오른, 장중, 상승","코스피 지수가 13일 연속 오르며 사상 최고치 기록을 갈아치우고 있다. 장중 고점 4923포인트까지 오른 후 985p를 찍으며 52주 신고가를 기록했다. 개인이 6500억원 규모 순매수했으나 외국인과 기관은 각각 2947억원, 4764억원어치를 순매도하고 있다.

코스닥 시장은 이날 기관의 매수세에 힘입어 1.52% 급등세를 보였다. 코스닥지수는 전 거래일 대비 14.72포인트 오른 983.08을 기록하며 강세를 이어가고 있다. 알테오젠, 에코프로비엠 등 코스닥 시총 상위 종목 전반이 상승세다.",2,2,"장중 고점 4923포인트로 13거래일 연속 최고가 랠리
개인 6500억원 규모 순매수
코스닥, 기관 매수세에 1.52% 상승
장중 985p로 52주 신고가
[이데일리 김경은 기자] 4900선 아래로 밀렸던 코스피 지수가 20일 오후 들어 반등에 성공하며 재차 상승세로 돌아섰다. 코스피는 13일 연속 오르며 연일 사상 최고치 기록을 갈아치우고 있다.
코스피는 13일 연속 오르며 연일 사상 최고치 기록을 갈아치우고 있다. (사진=뉴스1)
엠피닥터에 따르면 이날 오후 1시 27분 기준 코스피 지수는 전 거래일 대비 7.23포인트(0.15%) 오른 4911.89에 거래되고 있다. 지수는 오전 차익실현 부담으로 4900선 밑으로 내려앉았으나 오후 들어 매수세가 유입되며 다시 상승 전환했다.
5000선 돌파를 앞두고 등락을 거듭하는 모습이다. 장중 고점 4923.53포인트까지 오르며 사상 최고치를 재차 경신해 사상 최장 기록인 13거래일 연속 최고가 랠리를 이어갈지 주목된다.
투자자별로는 개인이 6578억원을 순매수하고 있으나 외국인과 기관은 각각 2947억원, 4764억원어치를 순매도하고 있다.
반도체 대장주들은 여전히 약세를 보이고 있다. 삼성전자(005930)는 전 거래일 대비 2500원(1.67%) 내린 14만6800원에 거래되고 있고, SK하이닉스(000660)는 1만1500원(1.51%) 하락한 75만2500원을 기록 중이다.
이밖에 시총 상위 기업 가운데 하락 종목은 삼성바이오로직스(207940)(-0.10%), 삼성전자우(005935)(-2.98%), HD현대중공업(329180)(-1.23%),

하락한 75만2500원을 기록 중이다.
이밖에 시총 상위 기업 가운데 하락 종목은 삼성바이오로직스(207940)(-0.10%), 삼성전자우(005935)(-2.98%), HD현대중공업(329180)(-1.23%), 한화에어로스페이스(012450)(-2.41%), 기아(000270)(-2.06%) 등이다.
반면 현대차(005380)(0.21%), LG에너지솔루션(373220)(1.00%), 두산에너빌리티(034020)(2.52%) 등은 상승세를 나타내고 있다.
코스닥 시장은 이날 기관의 매수세에 힘입어 급등세를 보인다. 같은 시각 코스닥지수는 전 거래일 대비 14.72포인트(1.52%) 오른 983.08을 기록하며 강세를 이어가고 있다.
장중 985.79를 찍으며 52주 신고가를 기록했다.
개인과 외국인은 각각 1467억원, 508억원어치를 순매도했으나 기관이 2189억원을 순매수하며 지수 상승을 주도하고 있다.
코스닥 시총 상위 종목 전반이 상승세다. 알테오젠(196170)은 전 거래일 대비 8000원(1.61%) 오른 50만4000원에, 에코프로비엠(247540)은 5400원(3.50%) 오른 15만9600원에 거래 중이다.
이밖에 에코프로(086520)(3.68%), 에이비엘바이오(298380)(5.49%), 레인보우로보틱스(277810)(2.52%), HLB(028300)(1.36%), 삼천당제약(000250)(0.54%), 코오롱티슈진(950160)(1.46%), 리가켐바이오(141080)(0.54%), 펩트론(087010)(1.65%) 등이 상승 행렬에 가담했다."
"개미 ""사자""에 다시 ""5천피 앞으로""…코스닥 52주 최고점 경신",머니투데이,2026-01-20 13:26:44,https://n.news.naver.com/mnews/article/008/0005306865,거래일,"코스피는 전 거래일 대비 8.64포인트 오른 4913.30을 기록했다. 개인의 강한 매수세에 힘입어 강세로 돌아섰다. 코스닥은 전 거래일 대비 16.62포인트 오른 984.98을 나타내고, 기관의 매수세에 강세로 돌아선 뒤 52주 최고치인 985.79를 갈아쳤다.

코스피 시장에서 개인은 6638억원 순매수, 외국인과 기관 각각 3025억원, 4783억원 순매도하고 있다. 업종별로는 전기·가스가 11%대, 보험 4%대 등 강세를 보였다.

코스닥 시장에서 기관은 2090억원을 순매수하고, 개인과 외국인은 각각 1533억원, 325억원씩 순매도하고 있다. 업종별로는 금속이 3%대, 기타제조 등 강세를 보였다.",2,2,"오후시황
코스피가 전 거래일(4904.66)보다 4.38포인트(0.09%) 하락한 4900.28에 개장한 20일 오전 서울 중구 하나은행 딜링룸 전광판에 지수가 표시되고 있다. 코스닥 지수는 전 거래일(968.36)보다 4.81포인트(0.50%) 오른 973.17에 거래를 시작했다. 원·달러 환율은 전 거래일 주간거래 종가(1473.7원)보다 0.8원 오른 1474.5원에 출발했다. /사진=뉴시스
5000을 앞두고 숨 고르기를 하던 코스피가 개인의 강한 매수세에 힘입어 강세로 돌아섰다.
20일 오후 1시 10분 기준 코스피는 전 거래일 대비 8.64포인트(0.18%) 오른 4913.30을 가리키고 있다. 코스피는 이날 4.38포인트(0.09%) 내린 4900.28로 출발해 잠시 상승 전환하면서 신고가인 4923.53을 뚫었으나, 곧바로 하락 반전해 오전 내내 약세였다. 코스피는 오후 들어 외국인과 기관의 매도폭이 다소 줄어든 영향으로 강세로 돌아섰다.
코스피 시장에서 개인은 6638억원 순매수, 외국인과 기관 각각 3025억원, 4783억원 순매도하고 있다.
업종별로는 전기·가스가 11%대, 보험 4%대, 유통, 통신 3%대, 금융, 일반서비스, 종이·목재 2%대, 금속, 화학, 비금속, 건설, 오락·문화, 의료·정밀기기, 섬유·의류, 음식료·담배가 1%대 강세다. IT서비스, 제약, 운송·창고, 기계·장비, 부동산은 강보합이며 증권, 제조, 운송장비·부품 약보합. 전기·전자 1%대 약세다.
시가총액 상위종목에서는 삼성물산, KB금융이 4%대, 셀트리온, LG에너지솔루션이 1%대 강세고, 삼성바이오로직스,

기계·장비, 부동산은 강보합이며 증권, 제조, 운송장비·부품 약보합. 전기·전자 1%대 약세다.
시가총액 상위종목에서는 삼성물산, KB금융이 4%대, 셀트리온, LG에너지솔루션이 1%대 강세고, 삼성바이오로직스, 두산에너빌리티가 보합, 기아, 한화오션, SK하이닉스, HD현대중공업, 삼성전자, SK스퀘어, 한화에어로스페이스가 1%대 약세다.
같은 시각 코스닥은 전 거래일 대비 16.62포인트(1.72%) 오른 984.98을 나타낸다. 코스닥은 이날 오전 잠시 약세를 보이다 기관의 매수세에 강세로 돌아선 뒤, 52주 최고치인 985.79를 갈아치웠다.
코스닥 시장에서 기관은 2090억원을 순매수하고 있고, 개인, 외국인은 1533억원, 325억원씩 순매도하고 있다.
업종별로는 금속이 3%대, 기타제조, 의료·정밀기기, 금융, 통신, 건설, 유통 2%대, IT서비스, 전기·전자, 운송·창고, 제조, 기계·장비, 제약, 종이·목재, 음식료·담배, 화학, 일반서비스, 운송장비·부품 1%대 강세다. 섬유·의류, 출판·매체복제, 오락·문화 강보합, 비금속은 1%대 약세를 보인다.
시가총액 상위종목에서는 현대무벡스가 11%대, 레인보우로보틱스 5%대, 에이비엘바이오 4%대, 에코프로비엠, 에코프로 3%대, 알테오젠, 코오롱티슈진, 펩트론이 1%대 강세다. HLB, 리가켐바이오, 삼천당제약, 파마리서치, 리노공업, 케어젠은 강보합이다."
ESS·로봇 배터리…쓰임새 늘어난 2차전지 들여다보는 투심,머니투데이,2026-01-20 13:22:23,https://n.news.naver.com/mnews/article/008/0005306864,"배터리, 대비, 2차전지, ess, 평균, 평균 대비, 오른, 있다, ai, 국내","Here is a summary of the article in 3-5 sentences:

The 2nd battery industry is gaining attention as investors seek alternative investment opportunities amid the correction in the semiconductor and robot industries. The ESS (Energy Storage System) industry's growth, rising battery material prices, and expectations for physical AI (Artificial Intelligence) have contributed to the resurgence of interest in 2nd batteries. According to Naver Securities, the 2nd battery production theme rose 2.03% on the 20th, while the sodium-ion battery theme increased by 2.36%.",3,3,"오늘의 포인트
지난해 3월 서울 강남구 코엑스에서 개막한 ‘인터배터리 2025’ 금양부스를 찾은 관람객이 배터리 모형을 살펴보고 있다. /사진=뉴스1
증시를 주도하던 반도체·로봇주가 조정을 받는 사이, 2차전지가 대안 투자처로 부상하고 있다. ESS 산업 성장과 배터리 원자재 가격 상승, 피지컬 AI 기대가 맞물리며 주춤했던 2차전지 관련주에 다시 투심이 붙은 것으로 풀이된다.
20일 오전 10시59분 기준 네이버증권에서 2차전지(생산) 테마는 전 거래일 대비 2.03%, 2차전지(나트륨이온) 테마는 2.36% 상승했다.
2차전지(생산) 테마에서는 삼성SDI가 전 거래일 대비 1만1500원(3.66%) 오른 32만5500원, SK이노베이션이 1500원(1.41%) 오른 10만7700원, LG에너지솔루션이 4000원(1.00%) 오른 40만2500원에 거래되고 있다.
2차전지(나트륨이온) 테마에서는 나인테크가 5.25%, 더블유씨피가 4.16%, 에코프로가 3.89%, 에코프로비엠이 3.37%, 애경케미칼이 1.59% 강세다.
2차전지 주 강세는 최근 불기둥을 쏘아 올린 반도체·로봇주에서 차익실현 매물이 쏟아지며 순환매가 유입된 영향으로 풀이된다. ESS(에너지저장장치) 산업 성장, 관련 원자재 가격 상승, 피지컬 AI(인공지능) 산업 수혜 등에 대한 기대감도 반영되는 추세다.
최근 코스피를 주도하던 대장주 삼성전자와 SK하이닉스는 이날 2%대 약세고, CES 2026 이후 로봇주로 각광받은 현대차, 현대모비스, 현대오토에버도 1~4%대 약세다.
ESS 수요는 미국을 중심으로 지속 확대될 전망이다. 황성현

하던 대장주 삼성전자와 SK하이닉스는 이날 2%대 약세고, CES 2026 이후 로봇주로 각광받은 현대차, 현대모비스, 현대오토에버도 1~4%대 약세다.
ESS 수요는 미국을 중심으로 지속 확대될 전망이다. 황성현 유진투자증권 연구원은 ""미국 AI 데이터센터가 급증하면서 계통 안정성에 대한 우려가 확대되고 있는 가운데, 안정적인 전력 확보가 데이터센터 사업의 핵심 요인이 되고 있다""며 ""이런 면에서 ESS는 전력망 제약을 완충하고 피크 비용을 줄이며 운영 안정성을 높이는 장치로써 활용될 것으로 전망한다""고 했다.
BNEF(블룸버그 뉴 에너지 파이낸스)에 따르면 기존 2026~2030년 미국 ESS 수요 전망은 64~114GWh였으나, LG에너지솔루션·삼성SDI·LS ELECTRIC의 시장 전망치를 종합하면 80~150GWh 수준으로 추정된다.
정부의 1조원 규모 ESS 중앙계약시장 경쟁입찰도 배터리 업계에 호재다. LG에너지솔루션·삼성SDI·SK온 등 국내 배터리 3사는 한국전력 거래소가 주관하는 ESS 입찰에 뛰어들었다. 3사 모두 국내 생산을 할 계획이다.
중국의 배터리 원자재 생산 중단도 국내 배터리 업계에 호재다. 업계에 따르면 최근 리튬·코발트·니켈 등 배터리 원자재 광물 가격이 급등하고 있다. 관련 영향으로 국내 배터리 소재 기업과 배터리 사업의 수익성이 개선될 것이라는 관측이 나온다.
한국광해광업공단 한국자원정보서비스에 따르면 19일 기준 1톤당 니켈 가격은 전일 대비 2.13% 오른 1만8000달러다. 이는 전월 평균 대비 20.98%, 전년 평균 대비 18.73% 높은 수치다. 1㎏당 리튬

한국광해광업공단 한국자원정보서비스에 따르면 19일 기준 1톤당 니켈 가격은 전일 대비 2.13% 오른 1만8000달러다. 이는 전월 평균 대비 20.98%, 전년 평균 대비 18.73% 높은 수치다. 1㎏당 리튬 가격은 전일 대비 2.27% 오른 16.66달러로 전월 평균 대비 39.53%, 전년 평균 대비 73.72% 높다. 1㎏당 코발트 가격은 54.59달러로 전일 대비 0.18% 떨어졌으나, 전월 평균 대비 3.79%, 전년 평균 대비 59.28% 상승했다.
일각에서는 로봇산업 성장이 2차전지와 배터리 업계에 새로운 기회를 줄 수 있다는 기대도 나온다. 휴머노이드 로봇, 자율주행차 등 피지컬 AI 하드웨어에 배터리가 필요하기 때문이다.
강동진 현대차증권 연구원은 ""휴머노이드 로봇의 배터리 사용량은 5kWh 미만이지만, 예비 배터리까지 고려하면 더 늘어날 것""이라며 ""휴머노이드 로봇 원가에서 배터리 비중은 2% 미만이며 가격 민감도도 높지 않지만, 유지보수 비용 측면에서 이점이 크기 때문에 고성능 배터리를 사용할 여력이 높아 배터리 업체에서 로보틱스는 매력적인 시장이 될 것""이라고 했다."
"이선훈號 신한투자증권, 새해엔 '공매도 관문' 꼬리표 뗄까",더팩트,2026-01-20 13:00:17,https://n.news.naver.com/mnews/article/629/0000464228,"공매도, 내부통제, etf, etf lp, lp, 과거, 손실, 기조가, 다시, 대한","Here is a summary of the article in 3-5 sentences:

Shinhan Investment & Securities, a major Korean brokerage firm, is facing scrutiny over its role as a ""public market gatekeeper"" due to concerns about its internal controls and risk management. The company's past track record of violating trading rules and its recent loss of around $1.3 billion through ETF LP operations have raised eyebrows. With the government emphasizing the importance of ""productive finance,"" Shinhan Investment & Securities is under pressure to strengthen its internal controls and improve its system infrastructure.",4,4,"공매도 거래대금 상위 이력에 '창구 리스크'로
ETF LP 1300억 손실·업틱룰 제재도 겹쳐
신한투자증권은 시장에서 '공매도 관문'이라는 받고 있다. /신한투자증권
[더팩트｜윤정원 기자] 신한투자증권이 새해 '공매도 관문'이라는 시선을 떨칠 수 있을지 관전 포인트로 떠올랐다. 공매도 거래가 일부 대형 증권사 창구로 집중되는 구조 속에서, 과거 공매도 중개 규모 상위권 이력과 ETF LP(유동성공급자) 손실 사고가 맞물리며 내부통제 리스크가 재차 거론되고 있다. 공매도 전면 재개 이후 제도와 전산 감시 체계가 정비 단계를 넘어 검증 국면에 접어들면서, 과거 이력이 있는 증권사들에 대한 시장의 시선도 다시 엄격해지는 분위기다.
이선훈 대표 체계는 올해로 2년 차에 접어들었다. 이 대표는 신년사를 통해 ""올해 가장 큰 과제는 내실을 더 깊고 단단하게 다지는 것""이라며 고객 신뢰 회복을 전면에 내세웠다. 내부통제에 대해서는 단순한 규정 준수가 아니라 임직원의 업무 습관이 조직 문화로 자리 잡아야 한다는 점을 강조했다. 정부의 '생산적 금융' 기조에 맞춰 발행어음 등 신규 사업을 통한 도약 구상도 언급했다.
이 대표는 전략·기획과 리테일 부문을 두루 거친 관리형 CEO로 분류된다. 영업 현장 중심의 단기 실적보다 조직과 시스템의 안정성을 중시하는 성향이 강하다는 평가를 받는다. 대표 취임 이후에도 내부통제 강화와 전산 인프라 개선을 주요 과제로 제시해 왔으며, 공매도와 같이 제도 이해와 시스템 신뢰가 중요한 영역에서 이러한 경영 기조가 실제 성과로 이어질 수 있을지가 시험대에 올랐다는 분석이 나온다.
신한투자증권이

강화와 전산 인프라 개선을 주요 과제로 제시해 왔으며, 공매도와 같이 제도 이해와 시스템 신뢰가 중요한 영역에서 이러한 경영 기조가 실제 성과로 이어질 수 있을지가 시험대에 올랐다는 분석이 나온다.
신한투자증권이 공매도 관문으로 불리게 된 배경은 공매도 자체보다는 공매도가 지나가는 창구로서의 역할과 관련이 깊다. 공매도 부분 재개 이후인 2021년 5월부터 2022년 8월까지 집계에서 신한금융투자(현 신한투자증권)는 공매도 거래대금 5조6712억원으로 증권사 중 1위를 기록했다. 이 기간 공매도 거래의 위탁매매 비중은 88.2%에 달했다. 기관·외국인 투자자의 공매도 주문이 대거 중개 형태로 통과하는 구조가 굳어졌다는 평가다.
업계에서는 공매도 논란이 특정 증권사로 집중되는 구조적 요인도 지적한다. 글로벌 투자은행이나 자산운용사의 공매도 주문이 국내 증권사를 거쳐 거래소로 전달되는 과정에서, 증권사는 규제 준수 여부와 관계없이 가장 먼저 시장의 시선을 받는 최초 접점으로 인식되기 쉽다는 것이다. 이 때문에 공매도 이슈가 불거질 때마다 주문을 집행한 증권사 창구가 논란의 중심에 서는 사례가 반복돼 왔다.
과거 규정 위반 이력도 이런 인식을 강화했다. 신한금융투자는 과거 업틱룰(직전가 이하 공매도 호가 금지) 위반으로 과태료 처분을 받은 바 있다. 회사 측은 직원 실수에 따른 것으로 무차입 공매도는 아니라는 입장을 밝혔지만, 공매도에 대한 개인투자자들의 민감도가 높은 만큼 관련 이슈는 반복적으로 부각됐다.
여기에 지난해 가을 발생한 ETF LP 운용 손실(약 1300억원) 사건은 내부통제 논란을 다시 수면

는 아니라는 입장을 밝혔지만, 공매도에 대한 개인투자자들의 민감도가 높은 만큼 관련 이슈는 반복적으로 부각됐다.
여기에 지난해 가을 발생한 ETF LP 운용 손실(약 1300억원) 사건은 내부통제 논란을 다시 수면 위로 끌어올렸다. 신한투자증권은 ETF LP 목적에서 벗어난 장내 선물 매매로 손실이 발생했으며, 손실을 감추기 위한 허위 스왑거래 등록 정황이 확인됐다고 공시했다. 금융당국은 현장 검사에 착수했고, 이후 손실 은폐와 관련해 임직원이 실형을 선고받았다는 보도도 나왔다. 해당 사안이 불법 공매도로 확정된 것은 아니지만, 공매도 이슈와 내부통제 문제가 함께 거론되는 계기가 됐다는 평가다.
최근 금융당국의 공매도 제재 기조가 강화된 점도 부담 요인으로 꼽힌다. 증권선물위원회는 공매도 규제를 위반한 국내 자산운용사와 외국계 금융회사 등 6곳에 총 39억7000만원의 과징금을 부과했다. 공매도 전면 재개 이후 수십억원대 과징금이 한꺼번에 부과된 것은 이번이 처음으로, 불법 공매도에 대한 금융당국의 엄정 대응 기조가 이어지고 있다는 분석이다.
이번 제재 대상에는 신한자산운용도 포함됐다. 사안의 성격과 규모는 신한투자증권과 직접 연결되지는 않지만, 시장에서는 '신한'이라는 이름이 다시 공매도 제재 이슈에 등장했다는 점에서 그룹 전반의 내부통제 체계가 재차 시험대에 올랐다는 시각도 나온다.
한 업계 관계자는 ""금융당국이 무차입 공매도 실시간 적발 시스템(NSDS)을 상시 가동하면서 공매도 감시 강도가 이전과는 비교할 수 없을 정도로 높아졌다""며 ""이제는 공매도 거래 규모 자체보다 주문 접수부터 차입 확인,

계 관계자는 ""금융당국이 무차입 공매도 실시간 적발 시스템(NSDS)을 상시 가동하면서 공매도 감시 강도가 이전과는 비교할 수 없을 정도로 높아졌다""며 ""이제는 공매도 거래 규모 자체보다 주문 접수부터 차입 확인, 집행, 사후 점검에 이르는 전 과정이 얼마나 체계적으로 관리되고 있는지가 더 중요해진 상황""이라고 말했다. 이어 ""내부통제가 형식에 그치지 않고 실제 업무 현장에서 작동하고 있음을 시장에 얼마나 설득력 있게 보여줄 수 있느냐가 향후 평가의 핵심이 될 것""이라고 덧붙였다.
발로 뛰는 더팩트는 24시간 여러분의 제보를 기다립니다.
▶카카오톡: '더팩트제보' 검색
▶이메일: jebo@tf.co.kr
▶뉴스 홈페이지: http://talk.tf.co.kr/bbs/report/write"
"""테마 쫓아 샀다간 낭패""…중소형주 선택 '3가지' 원칙",한국경제TV,2026-01-20 13:00:00,https://n.news.naver.com/mnews/article/215/0001238546,"중소형주의, 중소형주, 투자, capa, 것이, 고객사, 고객사 밸류체인, 그리고, 대기업이, 대기업이 펀더멘털과","Here is a summary of the article in 3-5 sentences:

According to Yu Jin-in, a researcher at Yu Jin Investment Securities, small-cap stocks are losing their appeal due to the increasing volatility of large-cap stocks. This is because major companies in key industries such as semiconductors and robotics are leading the market narrative and fundamentals. As a result, investors should focus on the actual business operations and forward-looking markets of small-cap companies before investing. Additionally, it's essential to examine the company's production capacity (CAPA), main customers, and competitive edge in its value chain.",2,2,"[와우퀵] 투자정보 플랫폼
허준서 유진투자증권 연구위원은 20일 한국경제TV에 출연해 ""중소형주를 담당하고 있지만, 최근 장세에서는 대형주의 변동성이 확대되면서 중소형주의 투자 매력이 줄어들고 있는 것이 팩트""라며 ""안정성과 수익성 두 측면에서 중소형주의 안전망이 축소되고 있다""고 말했다.
허 연구위원은 ""반도체나 로봇 같은 굵직한 산업에서 대기업이 펀더멘털과 내러티브를 모두 주도하고 있다""며 ""시장 주도권이 대형주에 쏠린 만큼 중소형주 비중을 가져갈 때에는 예전보다 더 보수적인 접근이 필요하다""고 설명했다.
그러면서 ""개인투자자들이 중소형주를 고를 때는 먼저 회사가 실제로 어떤 사업을 영위하고 있는지, 어떤 전방 시장에 참여하고 있는지를 확인해야 한다""고 말했다.
이어 ""구축한 생산능력(CAPA)와 주요 고객사, 밸류체인 전반에서 경쟁력이 있는지 꼼꼼히 점검하는 작업이 선행돼야 한다""며 ""기대감이나 테마보다는 실질적인 사업 기반을 중심으로 옥석을 가려볼 필요가 있다""고 조언했다.
● 핵심 포인트
- 최근 장세에서는 대형주 변동성이 커지며 중소형주의 투자 매력이 전반적으로 약해지고 있다는 진단임.
- 반도체·로봇 등 핵심 산업에서 대기업이 펀더멘털과 내러티브를 주도하면서 시장 주도권이 대형주로 쏠린 상황임.
- 중소형주 비중을 가져갈 때는 예전보다 보수적으로 접근하고, 기업의 실제 사업과 전방 시장을 먼저 확인해야 함.
- 생산능력(CAPA)·주요 고객사·밸류체인 내 경쟁력을 점검해 테마보다 실질 기반 중심으로 옥석을 가리라고 강조함
● 방송 원문
<앵커>
그렇다면 중소형주 전반에 대해서 투자 전략을 어떻게

을 먼저 확인해야 함.
- 생산능력(CAPA)·주요 고객사·밸류체인 내 경쟁력을 점검해 테마보다 실질 기반 중심으로 옥석을 가리라고 강조함
● 방송 원문
<앵커>
그렇다면 중소형주 전반에 대해서 투자 전략을 어떻게 보고 계신지 그리고 개인 투자자분이 특히나 중소형주에 관심이 많으시잖아요.
어떤 기준을 가지고 투자를 해야 하는지 한말씀 해 주신다면요?
<허준서 유진투자증권 연구위원>
솔직히 말씀드리면 중소형주를 담당하고 있지만 최근 장세 자체가 대형주의 변동성이 확대되면서 중소형주의 투자 메리트가 사라지고 있는 것이 팩트라고 생각하거든요.
이유를 따져보면 반도체나 로봇 같은 굵직굵직한 산업군에서 대기업이 펀더멘털과 내러티브 모두 주도하고 있기 때문에 그렇습니다.
그래서 안정성과 수익성 두 측면에서 중소형주의 안전망이 줄어들고 있다고 보는 것이 합리적이라고 생각을 하고요.
중소형주 투자하실 때는 실제 사업의 영위 여부와 그리고 참여하고 있는 전방 시장 그리고 구축한 CAPA 내지는 고객사 등 밸류체인 전반에 대한 꼼꼼한 점검이 필요하다고 생각을 합니다.
▼와우퀵N 창간 기념 신년 특별 이벤트! ? 지금 바로 참여하세요!
https://contents.premium.naver.com/wowquick/wqn"
금 한 돈 97만원...100만원 시대 초읽기,이데일리,2026-01-20 12:50:14,https://n.news.naver.com/mnews/article/018/0006203800,"그린란드, krx금현물, 지난해, 지정학적, 트럼프, etf, 금값은, 금현물, 기준, 있다","Here is a summary of the article in 3-5 sentences:

The price of gold has reached a record high, exceeding 97 million won per ounce. The surge in gold prices is attributed to growing concerns about global geopolitical risks and tensions between the US and Europe over the potential merger of Greenland. As a result, investors are flocking to safe-haven assets such as gold, driving up its price.

According to the Korea Gold Exchange, the price of gold has risen 60% since last year's start, with the current price per ounce reaching 97 million won. The market is expecting further growth in gold prices due to ongoing geopolitical tensions and uncertainty.",2,2,"한국금거래소 기준 1돈, 97만 1000원
트럼프, 그린란드 병합 야욕으로 유럽과 갈등
지정학적 불안감 고조되며 금 최고가 경신
[이데일리 홍수현 기자] 전 세계적으로 지정학적 불안감이 고조되면서 안전자산인 금이 또다시 사상 최고가를 경신했다. 순금 한 돈 100만 원 시대가 가시권에 들어섰다. 특히 미국 트럼프 대통령이 그린란드 확보를 위해 유럽 국가들에 대한 추가 관세 부과를 예고하며 금값이 치솟았다.
서울 종로구 한국금거래소 종로본점에 골드바가 놓여 있다. 금(金) 가격이 3거래일 연속 최고치를 새로 쓰며 상승 흐름을 이어가며 고공행진을 기록하고 있다. (사진=뉴시스)
20일 한국금거래소에 따르면 전일 기준 국내 금값은 1돈(3.75g) 매입 시 가격은 97만 1000원으로 순금 한 돈 100만 원에 바짝 다가섰다.
금값은 지난해부터 본격적인 폭주를 시작했다. 지난해 초 대비 연말까지 금값은 무려 60%나 급등했다. 글로벌 지정학적 불안이 고조되면서 대표적 안전자산인 금으로 자산가가 대거 유입된 결과다.
최근에는 트럼프 대통령의 그린란드 병합 야욕으로 미국과 유럽연합(EU) 사이에 ‘무역 전쟁’이 발발할 수 있다는 긴장감이 커지면서 또다시 금값이 고점을 찍었다.
트럼프 대통령은 17일 미국이 그린란드 병합에 반대하는 유럽국가들인 덴마크, 노르웨이, 스웨덴, 프랑스, 독일 영국, 네덜란드, 핀란드에 대해 다음 달 1일부터 10%의 관세를 부과하겠다고 밝혔다.
미국의 그린란드 점령 반대국에 대한 관세 부과 방침에 대해 유럽연합(EU)은 “받아들일 수 없다”며 벨기에 브뤼셀에서 며칠 안에 긴급 정상회의를

핀란드에 대해 다음 달 1일부터 10%의 관세를 부과하겠다고 밝혔다.
미국의 그린란드 점령 반대국에 대한 관세 부과 방침에 대해 유럽연합(EU)은 “받아들일 수 없다”며 벨기에 브뤼셀에서 며칠 안에 긴급 정상회의를 공동 대응 방안을 모색할 것으로 알려졌다.
금을 기초자산으로 하는 상장지수펀드(ETF)에도 투자자들의 자금이 몰리고 있다. 지난해 말 기준 10대 증권사(대신·메리츠·미래·삼성·신한·키움·한투·하나·KB·NH)의 일반·개인종합자산관리계좌(ISA)·개인형 퇴직연금(IRP)·연금저축 계좌에 담긴 금현물 ETF 보유 금액은 2조 9931억 원에 달했다.
국내 투자자들은 특히 간편하게 현물 금에 투자할 수 있는 금현물 ETF에 주목했다. 현재 국내에 출시된 금현물 ETF 상품은 두 가지다. 한국투자신탁운용에서 지난 2021년 처음 선보인 ACE KRX금현물 ETF와 지난해 미래에셋운용에서 선보인 TIGER KRX금현물 ETF이다.
최근 이 ETF들은 각각 순자산(AUM) 4조 원, 1조 원을 돌파했다. ACE KRX금현물 ETF의 순자산액은 4조1365억원으로 집계됐다. 이 ETF는 지난해 11월 순자산액 3조원을 돌파했는데 약 2개월 만에 1조원이 증가한 셈이다. TIGER KRX금현물 ETF의 순자산도 1조 1500억 원으로 집계됐다.
지정학적 리스크가 복합적으로 얽혀 있는 상황이 당분간 이어질 가능성이 높은 만큼, 금과 은을 비롯한 안전자산 강세 흐름도 쉽게 꺾이지 않을 것으로 보인다."
